assistant_coach,chief_coach,fitness_coach,goalkeeper_coach,team_id,uuid
Ching Ha,Ahmad Motamed,Patricia Castillo,Hassan Hosseini,TA886026090,eb58e959-b3a1-4daa-ad1e-0dc5755ea6a9
Andreas Fampas,Costas Karachalios,A. Sharma,Aldo Rota,TA629718188,224d1b6c-4299-47fe-8f20-fecb14326dde
Gabriel Alvarez,A. Khan,Asad Amanat Ali Khan,Richard Wagner,TA776136838,a3d44cec-a78c-4c31-a909-31261cefeb37
Ilias Fampas,Rahul Sharma,Aditya Khan,Jean Alcazar,TA706702981,79bb2f9d-c8d2-4241-b7a3-b2f2fddd24e1
Meera Bose,Chen Li,Andrei Ivanov,Rahul Khan,TA601733961,7efa825d-535c-4f17-9bec-f58f51dbc9f0
Eugene Aly,Joseph Singh,Antonio Mendy,John Kumar,TA413735321,511cf226-5daf-482f-b74c-5a8504aa24b0
Mikhail Efimkin,Binh Hoang,Alexander G. Balawan,Alexandr Aab,TA915057590,0bedff55-4b34-4075-9fe1-29d6cb2e410d
Jose Oliveira,Ludwig Fischer,Albert Berg,Yusuke Yamada,TA314596575,1e0e5fbe-d8f0-4bf8-8318-26814a9268e1
Faisal Butt,Jean Atangana,Michael Zhang,Jose Lopez,TA436037898,6ba260c0-1d85-46cb-9798-71feb1e14cbd
Jimmy Simon,Anupam Singh,Hans Koch,Jay Hoang,TA272106805,7b524e04-22f0-48bd-8fb4-eb0f959eeac5
John Baldini,Wilhelm Becker,Akira Ito,Aad De Dam,TA531233521,e11c4833-3742-409e-87f8-76bd50334348
Lei Zhang,John Singh,Ashok Roy,Celia Estefan,TA379486547,39a1fd9e-e2d2-4f01-8384-f771a07af643
Zheng Wang,Hassan Bahadori,Cheng Hu,Aleksandr Feltsman,TA907457214,8d0b12b3-98a3-469a-985d-40ef8e9374d9
Alexander Basov,Sam Wu,Vitor Martins,K. Reddy,TA577754000,bc007737-5464-4310-b640-54d6fdb54a07
Jorge Garcia,John Kapoor,Jan Bettens,Fritz Becker,TA294835228,1a5b557d-85c2-4be3-bbff-a44e8cc22608
Javed Malik,Eric Karat,Ammar Aouadhi,Nirina Simon,TA719819744,018ed354-306a-441b-9ffe-7954a42981d4
Caroline Santos,George Smith,Vinod Rao,Richard Aquino,TA708424706,12ac5e8c-9a3f-455a-9f0e-0d385053c4c6
Hideo Suzuki,Francisco Alessandri,Aburizal Gallagher,Muhammad Irama,TA172793882,70ae8488-3726-4ceb-9446-25873bd40c3a
John Sharma,Anand Sharma,Seyni Abouba,Abderrahmane Abdelli,TA904994027,f1ef216a-54f5-4b12-a21e-5d156004ac21
Juan Garcia,Alexander Efimkin,Wilhelm Schmidt,Yang Li,TA995570029,86a3b9bf-0ece-4b57-994e-1c42a26a9d05
Francisco Estefan,Mikhail Berman,Bekhan Akhmadiyeva,K. Sharma,TA186931697,32bf2ada-ea76-49fa-922b-0295af76d408
Andrei Popescu,Josef Lederer,Bing Zhu,Anand Paphunga,TA168780750,9e44a12a-18cd-407b-abf7-42807166c38d
Li Wei,Arjun Singh,Alfredo Gutierrez,Yang Zhou,TA590392989,0121cd1a-d3a3-4ca5-a0d8-0f4dbfe54e58
Gordon Coetzee,Jun Chen,Abdel Amaouche,K. Rao,TA476673413,5d615613-428e-4527-a978-02061f78a641
Bahman Mirza,Deepak Kumar,Paul Fayed,Asim Javed,TA128277945,055c7e52-ab07-4ab8-bcd8-9ba8260c7e4a
David Brown,Alexei Patras,Adriana Smeets,Boran Chen,TA126196670,43654e03-e040-45f4-a85c-482dedf2b195
Abhishek Singh,Antonio Castro,Sanjay Khan,Shweta Singh,TA355277357,de86f960-4566-4345-9237-c6a5f64c7976
Aburizal Mohede,Olavi Lehtinen,Hiroshi Kobayashi,Antonio Sanchez,TA577340463,10b65d6d-6596-41bb-ba5e-b8bfb88122b0
Diego Suarez,Eduardas Dukauskaite,Charles Akongo,Nikhil Kumar,TA787129183,ba337d1e-9cac-4a4a-b5aa-fdecd73fbb7d
James Smith,Shweta Kapoor,Jun Zhao,Bob Smith,TA335353474,398f1d4a-c584-485a-8e59-cbf6c330f172
Anastasia Balawan,Ali Gachamba,Chen Yang,Nikos Angello,TA440855807,ff9fe1ca-d077-4aeb-a978-2a0d84e8beee
Jean Ferrer,Wael Sedki,Rahul Reddy,Francisco Agramonte,TA612242554,275a5a39-251a-4853-8fb6-9efd2bfa85ef
Karl Fischer,Rudolf Schulz,Andreas Fampas,Abhishek Nair,TA336981758,adc19c78-e7dd-4575-a25e-810c263fc8a5
Albert Buysse,Jorge Ojeda,Carlos Gomes,Zaenal Thielsch,TA590283259,00165392-7e3c-4088-bba3-34a4b9ce3432
Pol Nath,Salma Hussain,Muhammad Ahmed,Wilson Alves,TA120420542,6c3651b1-941b-4d26-b322-59865bc7f53c
Harry Taylor,Hao Zhu,Walter Becker,Elita Reiniks,TA140438275,bd54fe7f-2ddb-4562-96ea-452499296ce1
Chau Nguyen,Saad Aldebe,Andre Boubacar,Mark Brown,TA891841135,9833e06a-700e-4ff2-9292-7dfb071082ae
Ali Mamani,A. Khan,Boaz Thielsch,Bich Phuong Ha,TA642495557,cd915296-5370-4775-835b-0c4bdd7aaedd
Seyni Kountche,Bich Phuong Phan,John Aquino,Atef Mahmoud,TA157061104,01525daa-5769-48a3-b976-f6ed41c806f3
Somchai Charoenpura,Amit Rao,John Sotto,Hans Andersson,TA201425726,c3a1b3a5-8854-495f-8da3-4b235363594d
Bouasone Bouphavanh,Miriam Binalshibh,Shweta Singh,David Dapkiunas,TA154367993,d728b673-43f0-4c7d-adf2-2750c3c6290f
Wei Zhang,Jimmy Haarhoff,Henri Aa,Nirina Ravalomanana,TA539859588,d55196cd-3f99-4fec-a602-b8e63f2054d0
Zhi Zhang,Juan Carlos Diaz,Peng Zhang,Cesar Ha,TA934941458,f847fc3b-317a-438d-a32b-2769059bbfa9
Abhishek Khan,Anders Hansen,Jetsada Paphunga,Yang Wu,TA485581258,0a5d1231-ac47-4b85-ae4d-6f9d45c12070
Ai Yang,Fernand Habre,Fernando Dos Santos,Chen Xu,TA626050987,c7a10141-3daa-4f0a-a1be-624592cec124
Ken Kobayashi,Fritz Muller,Jerzy Zakrzewski,Miriam Bomani,TA312850426,fb1e06fb-5ad7-4a94-98a9-790fcd49d032
James Kennedy,Eric Law-Yone,Orhan Alp,Batong Le,TA526030251,840eaa99-56bf-4401-a258-f83ea09687be
Andrew Li,Andrew Li,Hassan Mirza,Yang Zhang,TA867797114,7ef082d0-f4d1-415a-a5fc-454c7e557ee4
Jan Zabłocki,Agustiar Akbar,Antonio Sotto,Ahmad Rafiq Lesmana,TA503760491,bc94308d-6c3b-4485-88aa-26f7319fbeff
Thomas Brown,Sumi Bombo,Ahmad Zakii Omar,Prakash Sharma,TA152432320,1fcc7d55-043e-4ec7-b2a8-a9436390f18c
Mohamed Baya,Ana Paula Santos,Ina Bologan,Jean van de Kazadi,TA363334212,0e3bba97-8ce3-4f75-a63f-75c7982dc4a6
Jose Sanchez,Wei Gong,Jorge Mendez,Amrozi Bin Agri,TA948032256,84fd20b5-8a34-4d99-95a1-20cea82350bf
Abdul-Malik Alhouthi,Sarath Banda,Lasantha Banda,Yang Wang,TA606169897,6a2c9473-d9d4-4a35-90b6-2e9ac2792adf
Chen Zhang,Ahmad Shah Eshaq,Igor Kogan,Nicolae David,TA212260483,5e64a9d4-e2fc-4d96-8053-b69c16ff38bf
Robert Brown,Aburizal Balawan,Jessica Castillo,Joseph Roy,TA821601682,b110a064-8d79-432f-a08f-b21a6cf50bf2
Carolinda Leakey,Abdala Diouf,Abdul Ghani Jahani,Abhishek Khan,TA948279077,6655b3bd-9a09-4c1b-80a7-18bf0246f34c
Meera Roy,Eddie Reyes,Ning Zhang,Chito Garcia,TA764969901,9e8ecfd0-cd17-4af0-a82d-29eac519c783
Chen Zhang,Lei Chen,Zhong Zhang,Imtiaz Baloch,TA618685565,74027e27-93f0-4346-83a5-f327c6ec4d82
Alexandru Barbu,Jetsada Supinyo,Jean Abdeslam,Eduardo Pinto,TA715898558,db3edacd-c271-4729-a3b5-b52ecd7fc454
Alec Yang,Aharon Peretz,Karim Chokayev,Albert Berman,TA626344481,f60f854c-b794-4af5-b1ad-57101d213d91
Chen Liu,Carlos Parra,Batong Loan,Hideyuki Abe,TA190355921,e12a9f34-6ec9-4528-aea9-c8745abea293
Zheng Hu,Hao Yang,Karl Herzigová,Wuttichai Asuweewa,TA497599281,8d0f740d-7b0c-48d4-9c5e-978dce9306e5
Miguel Parra,Li Wang,Takashi Suzuki,Ashok Singh,TA738917702,b7f226df-348a-4b4c-940c-cb7caf099096
Asim Qureshi,John Bose,Li Yang,Lei Yang,TA642772311,3d8a5e2b-1c5a-4b7a-a718-e6f8d4980874
Albertus Van Berg,Chen Chen,Lin Zhang,Luciano Bahaina,TA564264221,b1d49df7-328e-45f5-94b1-5dbdb0865f68
Bingbing Xu,Mariano Cejas,Daisuke Yamada,Robert Carter,TA221090058,de9ae09b-8d27-4d11-8a03-ddd0577aca0e
Valdas Jolson,Don Minh,Arjun Chopra,Wolfgang Schmidt,TA339278263,5d4d4598-51eb-4e72-8b1d-266aa4413f2f
Lin Chen,Lin Li,Amon Mwanawasa,Joseph Singh,TA374508044,951b0906-0db9-4ec2-8877-40bdda8c461d
El-Farouk Baldini,Mirza Kalich Hussain,Jose Garcia,Wei Chen,TA608328197,b2873495-c21e-4fab-a8fa-6143a965cc1e
Lin Yang,Rahul Kapoor,Ferenc Toth,Crown Prince Koirala,TA903101066,acfbffbf-30ec-4026-b225-e23368064149
Pierre David,Ab Jong,Bob Davis,Philippe Perrin,TA798643655,81923321-c085-4c39-8ca5-4c8fcc854992
Dominic Dogg,Frank Brown,John Alcala,Hermann Binder,TA301808588,0581c66f-3bdb-4259-b1ef-76304d0a2538
Ge Yang,Alexandre Condariuc,Ge Li,Preap Lon,TA176189140,9e20aefa-3ae0-49dc-9680-eeb16af873a2
Amparo Escalona,Zhong Li,Andrei Ivanov,Abdoulaye Diouf,TA744428836,946d10b2-f266-4ad2-96c5-92119bb22a50
Otto Roth,Ann Asuweewa,Julien Robin,Jun Yang,TA479089744,32e432e9-6ac1-4bd3-b5bb-5ad34583545a
Aff Boy,Roberto Alarcón,Peng Liu,Yang Yang,TA793664475,279bed69-d099-45bd-a08a-33de407520b1
Yang Xu,Francisco Rodriguez,Basanta Kunwar,Koichi Kobayashi,TA968925124,a79f95ba-fca7-46b8-8b89-bfcc515fc223
Hao Zhu,A. Singh,Aditya Sharma,Norodom Chau,TA942527407,9afa602c-e9ce-4764-8a4e-d8ee05f93ec0
Hans Becker,Muoi Pham,Hiroshi Matsudaira,Jose Martins,TA724257934,528b8a94-f356-4b95-a588-3bb9ea84e634
Ahmad Shah Aman,Aleksandr Dobrunov,Rahul Khan,David Adhia,TA830320154,800f93c8-2101-4df1-aea9-cc2b0d41bbaa
John Williams,David Jones,Albert Gutierrez,Wei Yang,TA990304290,0092bf7b-6d45-4c95-b311-e19d1c83a19a
John Khan,Fernanda Costa,Abhishek Bose,Isabel Aquino,TA104061699,302a0a3e-6aae-4d85-9d6a-c35b11f2c743
Diem Ho,Samuel Tchami,Mikhail Basov,Isabel Fernandez,TA745091926,53fbde66-bb5c-4c0f-9ca4-35a2024e6097
Jose Santos,Andreina Alvarez,Werner Muller,K. Singh,TA947366531,0ee9e364-35f0-4a11-b044-789263ee63bb
Francisco Garcia,Allu Sharma,Joseph Singh,Hao Wei,TA474842697,1b6e5216-cf12-4984-92f7-8ea0854a7a16
Chen Li,Babar Malik,Odile Maclean,Arjun Khan,TA310503855,308c60eb-aa4d-4666-a531-b790043d6cf8
Shweta Nair,Lukwesa Tembo,Ilguilas Abouba,John Ahmed,TA711961282,afa01360-a654-4a9d-9205-bbe4624d81b4
Akashambatwa Yobe,Paulo Baptista,Luigi Bonomi,Binh Ho,TA147361409,a3591d1f-eff4-4d61-9b6e-98f049e0ee43
Cheikh Mendy,Farhad Zaland,Otto Schmidt,Nicholas Jones,TA769697970,8b3843c5-49e5-4d27-afa8-4710f2304fa5
Prince Suzuki,Muhammad Anwar,Hao Liu,Cam Ho,TA158105062,b37d5871-ebe5-45a2-b10f-74c5997adf66
Georgios Angello,Yang Wu,Ayesha Malik,P. Ekan,TA692547504,56477466-5df7-4ed0-ac57-17673c9f84b7
Jun Zhang,Arjun Khan,Paul Jones,Shweta Reddy,TA299032350,3ec0f16a-8181-4127-af97-ac89ab93f708
George Johnson,Akira Yamada,Andrea Donati,Virak Nath,TA635239853,d9b8e985-1407-4bc8-bc7f-50abcd60cf04
Ahsan Ali,Ali Maazou,Akira Kobayashi,Juan Rodriguez,TA766903461,dbdee37c-83ce-4753-9762-643a05fd5fee
David Calvert,Chengying Wu,Abida Ahmed,Rahul Rao,TA892036085,90addb7e-7f6a-4cc0-b53d-f1d2005efb74
Anna Eduard,Amit Singh,Haim Shafik,Meera Chatterjee,TA929596994,1d7f2df2-f1f0-4f89-9740-a08e83ae0f8c
Maurice Martens,Claudia Alarcón,Elijah Otieno Leakey,Andrey Hleb,TA194382414,cc4caded-8ccf-4f75-a4d2-f17abdc1be05
Giuseppe Ferrari,Asha-Rose Mtengeti Adjaye,Paul Mahmoud,Choi Choi,TA406397679,547edaf6-5768-408a-b552-71f700c4bd0a
Chen Yang,Mazor Caveda,Peter Brown,Akira Suzuki,TA315543346,902cbbd4-3272-4310-9591-dd4c7cdcabfb
Francisco Xavier Sumac,Deepak Chopra,Zhang Wang,Erno Galbi,TA419272167,73100590-3fba-4453-a50d-b5e24757b3e6
John Reddy,Alexander Feltsman,Rahul Roy,Eduardo Parra,TA131456888,408ba424-b60e-4398-911d-4542ef013507
Rahul Irani,Adnan Abdel Fattah,Cam Le,Jessica Rodriguez,TA123656353,35f8c154-abc5-4b06-ac2a-6b7b6e3a4664
Sarath Corea,Karel Aa,Anthony Fossaty,Bingbing Wang,TA550463014,3ccb339b-0869-4c0b-85c2-f67115a808e3
Arun Rao,Ben Yang,Ajmal Baloch,David Aleksandrov,TA924651032,796d25aa-d4a2-4066-8b43-7131cd8af4c4
Jose Santos,Andrew Wu,Friedrich Schmidt,Chen Yang,TA258310083,04b2f48b-59a8-4127-aa0f-b2d68b7194ff
Chen Wang,Andreas Larsson,Frank Taylor,Monica Chavez,TA278851388,9bd66a91-4a73-480a-983e-ff5d85e5657a
Cleopa Adjaye,Antonio Brouwer,Shweta Singh,Imran Khan,TA321680893,7c51b3af-885f-4dd5-a641-d2d1f1b1037f
Roberto Rodriguez,Ouwo Moussa Kountche,David Cooper,Shinji Aoki,TA591317453,a4db5f91-dee3-4173-8e94-504054759d2a
Maxim Bajt,Andrea Castro,Bill Fox,Marcelo Oliveira,TA434991744,efb692dc-0d0e-4c32-8ada-7cd7e3bc884a
Donatus Anwar,Irina Popov,P. Gamage,Olga Linchuk,TA753870439,c22cc292-23a1-44d8-8679-b9b6ce1fa206
Shweta Khan,Hao Wang,Edward Baldini,Kieu Cong Lien,TA321770435,e77682bc-c7c9-40ce-a2f4-75766eba0163
Cheng Li,Meera Rao,Aafia Qureshi,Jenny Gathegi,TA930029115,c341c657-fbf2-429b-a411-a5db68498498
Ivan Herzigová,Imran Ahmed,Javed Khan,Ashok Anand,TA374560312,d07bb021-e4fc-4ed7-9ee2-06b38d24c1b6
Lin Li,Peng Li,Rahul Singh,Shweta Anand,TA389322401,232fd8eb-a06c-4672-b51e-ff2cccd30581
